"vault_address","allocator_address","rewards_net_eth","rewards_net_wei","rewards_gross_eth","rewards_gross_wei"
"0xe6d8d8ac54461b1c5ed15740eee322043f696c08","0x02fd5abb1f77841827bfb7cb19608ec6488bed08",0.0000020371713653,2037171365328,0.0000021443909109,2144390910871.5789
"0xe6d8d8ac54461b1c5ed15740eee322043f696c08","0x035eda6b286d9e99474aec00575ec60e53c045f4",0.1046133854889431,104613385488943100,0.11011935314625589,110119353146255894.74
"0xe6d8d8ac54461b1c5ed15740eee322043f696c08","0x038ed8093638116dd86e26963f3e93090dfabd25",0.0000031837528707,3183752870671,0.0000033513188112,3351318811232.6316
"0xe6d8d8ac54461b1c5ed15740eee322043f696c08","0x0509075382afc19138b57ffad1b46746ddb99c3c",0.0000007941318963,794131896253,0.0000008359283118,835928311845.26315789
"0xe6d8d8ac54461b1c5ed15740eee322043f696c08","0x051afb93a1cd589da1baed284666bbd2142545dc",0.0000000026727712,2672771173,0.0000000028134433,2813443340.00000000
"0xe6d8d8ac54461b1c5ed15740eee322043f696c08","0x060e0c9dfc55dff992f4e94110dbb1156cac07eb",0.13130240683919353,131302406839193530,0.13821305983073004,138213059830730031.58
"0xe6d8d8ac54461b1c5ed15740eee322043f696c08","0x06371e7b2640939b916070112e5561b2cc001fe3",0.0000392051105913,39205110591264,0.0000412685374645,41268537464488.4211
"0xe6d8d8ac54461b1c5ed15740eee322043f696c08","0x063882309dff155ad967bcf08db42e0ee799b602",0.0009902701451005,990270145100532,0.0010423896264216126,1042389626421612.6316
"0xe6d8d8ac54461b1c5ed15740eee322043f696c08","0x069e0bb933a9afa60d342fd8d0b23a54e4a04995",0.0002587393648227,258739364822681,0.0002723572261291,272357226129137.8947
"0xe6d8d8ac54461b1c5ed15740eee322043f696c08","0x06cd12390ece19377b13792160ad5c10735181eb",0.0002753038628945,275303862894493,0.0002897935398889,289793539888940.0000
"0xe6d8d8ac54461b1c5ed15740eee322043f696c08","0x074f6ae33344644a4eb3a455fc7f0930bddf3fe2",0.000044606486274,44606486273986,0.0000469541960779,46954196077880.0000
"0xe6d8d8ac54461b1c5ed15740eee322043f696c08","0x086612216c86475b66c1ec6040b31bc96e997b96",0.0002670814080059,267081408005857,0.0002811383242167,281138324216691.5789
"0xe6d8d8ac54461b1c5ed15740eee322043f696c08","0x08860e8febd09fce3febf6dabce5724b334cfa45",0.0000000184495934,18449593436,0.0000000194206247,19420624669.47368421
"0xe6d8d8ac54461b1c5ed15740eee322043f696c08","0x0abf5fa8745a406c05300ce6791d4c83f8728372",2.08858895947524,2088588959475240000,2.198514694184463,2198514694184463157.89
"0xe6d8d8ac54461b1c5ed15740eee322043f696c08","0x0b537995b91d486c3a09810834639c2a0f6121ee",0.0000000048766915,4876691520,0.0000000051333595,5133359494.73684211
"0xe6d8d8ac54461b1c5ed15740eee322043f696c08","0x0b70a63ce7af5b913f67c3f3c30169277a3e1356",0.003361549775085144,3361549775085144,0.0035384734474580466,3538473447458046.3158
"0xe6d8d8ac54461b1c5ed15740eee322043f696c08","0x0b8ab4a19179cbb2872cec1f823f0a8352b3e85b",0.0001714869056354,171486905635379,0.0001805125322478,180512532247767.3684
"0xe6d8d8ac54461b1c5ed15740eee322043f696c08","0x0bfde33af58bf2a563c1dfa31d875c130f4721e6",0.0000009872275122,987227512212,0.000001039186855,1039186854960.0000
"0xe6d8d8ac54461b1c5ed15740eee322043f696c08","0x0dde3910fd7725e4448303c1ad7b668cb458798f",0.001976260510865337,1976260510865337,0.0020802742219635127,2080274221963512.6316
"0xe6d8d8ac54461b1c5ed15740eee322043f696c08","0x10c1576a93a011d1aa964d577f37087e76253b1c",0.0000066069949237,6606994923745,0.0000069547314987,6954731498678.9474
"0xe6d8d8ac54461b1c5ed15740eee322043f696c08","0x119ce5f0085316da50765b7180aaa89a149e600e",0.0000045970553782,4597055378154,0.0000048390056612,4839005661214.7368
"0xe6d8d8ac54461b1c5ed15740eee322043f696c08","0x11f30e041f4688d850e554864e1559b7b6b825ec",0.0000027519927039,2751992703868,0.0000028968344251,2896834425124.2105
"0xe6d8d8ac54461b1c5ed15740eee322043f696c08","0x13e7317104734219757ccb12ca6a329d72949114",0.0000000000461301,46130109,0.000000000048558,48558009.473684210526
"0xe6d8d8ac54461b1c5ed15740eee322043f696c08","0x14052a178026665bb27fd0be549f8fb8a88780d4",0.15680440362208922,156804403622089200,0.16505726697062023,165057266970620210.53
"0xe6d8d8ac54461b1c5ed15740eee322043f696c08","0x142c8f4c4650200c5b9be9ff0eac1c0d6587f604",0.0000002638484874,263848487448,0.0000002777352499,277735249945.26315789
"0xe6d8d8ac54461b1c5ed15740eee322043f696c08","0x14be64ecdd3c28a46f84c40b1c7d8c314f96f182",0.0000170180837379,17018083737937,0.0000179137723557,17913772355723.1579
"0xe6d8d8ac54461b1c5ed15740eee322043f696c08","0x169802a7862a6ce1e03971218580fa11a7396335",0.000019994954985,19994954984978,0.0000210473210368,21047321036818.9474
"0xe6d8d8ac54461b1c5ed15740eee322043f696c08","0x16e175a2906d70dbee68ef225a5ba7236fd75286",0.0000000031691079,3169107855,0.000000003335903,3335903005.26315789
"0xe6d8d8ac54461b1c5ed15740eee322043f696c08","0x177189a3b144810bc405f2a15a8f349d74eceb09",0.0000047397448182,4739744818159,0.0000049892050717,4989205071746.3158
"0xe6d8d8ac54461b1c5ed15740eee322043f696c08","0x17788507c7095277c71196f889cc494d91cc6e29",0.005077545267082857,5077545267082857,0.005344784491666165,5344784491666165.2632
"0xe6d8d8ac54461b1c5ed15740eee322043f696c08","0x18861574f7226629f664998366a864a6109c1669",0.000030751126812,30751126812033,0.0000323696071706,32369607170561.0526
"0xe6d8d8ac54461b1c5ed15740eee322043f696c08","0x19a430858fb9d6cff6c889067dd77b34fc465426",0.001022899529664019,1022899529664019,0.0010767363470147568,1076736347014756.8421
"0xe6d8d8ac54461b1c5ed15740eee322043f696c08","0x19aa1424f24e67c3ab61fda05491c6060af014bb",0.007313915418684566,7313915418684566,0.007698858335457438,7698858335457437.8947
"0xe6d8d8ac54461b1c5ed15740eee322043f696c08","0x1a400eba06880610c672dae33a17a2bd66e30cdd",0.03633791797819052,36337917978190520,0.03825043997704266,38250439977042652.63
"0xe6d8d8ac54461b1c5ed15740eee322043f696c08","0x1a6519dbcf22d689d227475aaf64965874133a72",3.430580216838998,3430580216838998000,3.6111370703568397,3611137070356840000.00
"0xe6d8d8ac54461b1c5ed15740eee322043f696c08","0x1b84d18a1f8f3923e6d0d4e6a803eebea2757315",0.001810199564775918,1810199564775918,0.0019054732260799137,1905473226079913.6842
"0xe6d8d8ac54461b1c5ed15740eee322043f696c08","0x1d76c1e0b347b09ab8731d25b0f8af423df7c44a",0.001326269946217889,1326269946217889,0.001396073627597778,1396073627597777.8947
"0xe6d8d8ac54461b1c5ed15740eee322043f696c08","0x1e9e9bc903c40731d913c6b09d7304d4e09aab98",0.0000000513510034,51351003394,0.0000000540536878,54053687783.15789474
"0xe6d8d8ac54461b1c5ed15740eee322043f696c08","0x2365887bbdb7ff611f54b380573a5055170fae7d",0.003192883559299444,3192883559299444,0.0033609300624204675,3360930062420467.3684
"0xe6d8d8ac54461b1c5ed15740eee322043f696c08","0x23c755b1303acb8849b554f302c120ddd481aace",0.004890394529011517,4890394529011517,0.005147783714748965,5147783714748965.2632
"0xe6d8d8ac54461b1c5ed15740eee322043f696c08","0x23d646671b430a4c90dd652ee35134274effab39",0.0000062878135543,6287813554341,0.0000066187511098,6618751109832.6316
"0xe6d8d8ac54461b1c5ed15740eee322043f696c08","0x243b00fbf042d38e7fffe2edc92d93f6f66ba80a",0.0000000000534852,53485230,0.0000000000563002,56300242.105263157895
"0xe6d8d8ac54461b1c5ed15740eee322043f696c08","0x24ca662e8a30060c997827858c7fc8908a8f61ab",0.002051922835255982,2051922835255982,0.0021599187739536653,2159918773953665.2632
"0xe6d8d8ac54461b1c5ed15740eee322043f696c08","0x2581b0b09128456cad8f1db96db06f1c12851ae3",0.0000000052351276,5235127571,0.0000000055106606,5510660601.05263158
"0xe6d8d8ac54461b1c5ed15740eee322043f696c08","0x258a8016e5d1cb4c4d2ceed4b11457840f60afdd",0.001560675996506958,1560675996506958,0.0016428168384283767,1642816838428376.8421
"0xe6d8d8ac54461b1c5ed15740eee322043f696c08","0x2596eca55c6b0f0ddee4e6cc5137c3156ee31211",0.0000009238016691,923801669103,0.0000009724228096,972422809582.10526316
"0xe6d8d8ac54461b1c5ed15740eee322043f696c08","0x25b8ed65839b411ce1afa8d75925958bd27cd5d0",0.0006581708340891,658170834089061,0.0006928114043043,692811404304274.7368
"0xe6d8d8ac54461b1c5ed15740eee322043f696c08","0x262c4f362187eb1dfded73afbf5ad5af1f3838d2",0.0000000000172972,17297208,0.0000000000182076,18207587.368421052632
"0xe6d8d8ac54461b1c5ed15740eee322043f696c08","0x26309715abadc0ecaa8a8865b121057ac09eeb5e",0.0000354411866837,35441186683673,0.0000373065122986,37306512298603.1579
"0xe6d8d8ac54461b1c5ed15740eee322043f696c08","0x2741e76caca490810bc85514ac186d49bfdd7dd4",0.0000536331472744,53633147274393,0.0000564559444994,56455944499361.0526
"0xe6d8d8ac54461b1c5ed15740eee322043f696c08","0x2762c7fe932b8688508fff24ececbbca92a128c4",0.0002608481102926,260848110292628,0.0002745769582028,274576958202766.3158
"0xe6d8d8ac54461b1c5ed15740eee322043f696c08","0x28a55c4b4f9615fde3cdaddf6cc01fcf2e38a6b0",1.630337579153238,1630337579153238000,1.716144820161303,1716144820161303157.89
"0xe6d8d8ac54461b1c5ed15740eee322043f696c08","0x29fc5aacd613410b68c9c08d4e1656e3c890e482",0.16095351993986873,160953519939868730,0.16942475783144076,169424757831440768.42
"0xe6d8d8ac54461b1c5ed15740eee322043f696c08","0x2a41f793adb9a3113126c39a58b362fd9bbb2c25",0.0000004992593486,499259348632,0.0000005255361565,525536156454.73684211
"0xe6d8d8ac54461b1c5ed15740eee322043f696c08","0x2b87d25d56689b514b7d67c9864ee6a3b4f40453",0.0000005243547169,524354716922,0.0000005519523336,551952333602.10526316
"0xe6d8d8ac54461b1c5ed15740eee322043f696c08","0x2c61d50fab21f9c2d01242045ccb17650111ec67",0.00988371025606304,9883710256063040,0.010403905532697936,10403905532697936.84
"0xe6d8d8ac54461b1c5ed15740eee322043f696c08","0x2f9784f1c210fcd18b8e988bdb7e899b8a810170",0.0230026335343456,23002633534345600,0.024213298457205896,24213298457205894.74
"0xe6d8d8ac54461b1c5ed15740eee322043f696c08","0x2fcaae5ac5db3edc647e0001cdd1e65dcd1b6727",0.0000004060886747,406088674664,0.0000004274617628,427461762804.21052632
"0xe6d8d8ac54461b1c5ed15740eee322043f696c08","0x317793f94725d590b2dcd28be0bf1a185ae6112b",0.0000000000024358,2435770,0.000000000002564,2563968.421052631579
"0xe6d8d8ac54461b1c5ed15740eee322043f696c08","0x323f8f59c49155add345d5219c8c776664125eaa",0.00872014089755691,8720140897556910,0.009179095681638851,9179095681638852.6316
"0xe6d8d8ac54461b1c5ed15740eee322043f696c08","0x3366e73946b725ec9351759abc51c30465f55e29",0.0000050222569576,5022256957551,0.0000052865862711,5286586271106.3158
"0xe6d8d8ac54461b1c5ed15740eee322043f696c08","0x33717ee089a6aa192fe5cbc1d0302e6561f33ed1",0.0000007218328108,721832810772,0.0000007598240113,759824011338.94736842
"0xe6d8d8ac54461b1c5ed15740eee322043f696c08","0x3496cc53d6d8650ec936891038e656a85475126b",0.000000564728591,564728591027,0.0000005944511484,594451148449.47368421
"0xe6d8d8ac54461b1c5ed15740eee322043f696c08","0x34fe84c3741e50139c984fc01fea4e015821885f",0.0001611724962313,161172496231307,0.0001696552591908,169655259190849.4737
"0xe6d8d8ac54461b1c5ed15740eee322043f696c08","0x366fea9f051a456079931d717d80e66b2307d757",0.001022300459104057,1022300459104057,0.0010761057464253232,1076105746425323.1579
"0xe6d8d8ac54461b1c5ed15740eee322043f696c08","0x3674840e64a5b2176052d9f65a9ac7e8dbf7bd5f",0.0000056921762609,5692176260887,0.0000059917644851,5991764485144.2105
"0xe6d8d8ac54461b1c5ed15740eee322043f696c08","0x3704aecf00df4f33f359f79c527e10cd1b6095be",0.005316163537982489,5316163537982489,0.005595961618928936,5595961618928935.7895
"0xe6d8d8ac54461b1c5ed15740eee322043f696c08","0x3707b3ce22f0912ea8b4541d60b58e6955e362aa",0.000004021535378,4021535378031,0.0000042331951348,4233195134769.4737
"0xe6d8d8ac54461b1c5ed15740eee322043f696c08","0x372f5cf4345673534cd14601b81b8682d4e1d47e",0.008506127303236497,8506127303236497,0.008953818213933155,8953818213933154.7368
"0xe6d8d8ac54461b1c5ed15740eee322043f696c08","0x3758a3bdf6a2c8bd18f8d6ffb98365e8659b1a01",0.0000053693926838,5369392683787,0.0000056519922987,5651992298723.1579
"0xe6d8d8ac54461b1c5ed15740eee322043f696c08","0x3827e2ddf5e448fad782d8b7a8ccd738b05fca1c",0.01905032338384884,19050323383848840,0.02005297198299878,20052971982998778.95
"0xe6d8d8ac54461b1c5ed15740eee322043f696c08","0x382c4ac31a8987144b00ed31d9c5cb2f111def72",0.000000980667162,980667161965,0.0000010322812231,1032281223121.0526
"0xe6d8d8ac54461b1c5ed15740eee322043f696c08","0x389b7844a2be0c325df02183e6fee9cbfb0ce4f0",0.0001647868749076,164786874907557,0.0001734598683237,173459868323744.2105
"0xe6d8d8ac54461b1c5ed15740eee322043f696c08","0x38fbecbfd8700899990dedce718b0beffe241e16",0.0000000832287862,83228786201,0.0000000876092486,87609248632.63157895
"0xe6d8d8ac54461b1c5ed15740eee322043f696c08","0x3912d609942b24ecc66eb27c52a2e50720a69f09",0.0000167636550809,16763655080940,0.0000176459527168,17645952716778.9474
"0xe6d8d8ac54461b1c5ed15740eee322043f696c08","0x3ae8fa226e5d5a66cc145729dd8b4d4ec30d4116",0.02098159453437697,20981594534376970,0.022085888983554704,22085888983554705.26
"0xe6d8d8ac54461b1c5ed15740eee322043f696c08","0x3b1a9267ab7e6e2eb59f086baedd2ba8e6c01228",0.000000513656985,513656984970,0.0000005406915631,540691563126.31578947
"0xe6d8d8ac54461b1c5ed15740eee322043f696c08","0x3bc2f093d863fe9da01812069d4f38232ffae19e",0.0000000513510034,51351003394,0.0000000540536878,54053687783.15789474
"0xe6d8d8ac54461b1c5ed15740eee322043f696c08","0x3bdea606effc7ba0f50ebaa2bac328dccc08d37f",0.01583698363238739,15836983632387390,0.01667050908672357,16670509086723568.42
"0xe6d8d8ac54461b1c5ed15740eee322043f696c08","0x3c35a791bf0f1da81c4afef2666ce055364e124b",0.0006475747924606,647574792460637,0.0006816576762744,681657676274354.7368
"0xe6d8d8ac54461b1c5ed15740eee322043f696c08","0x3c6d08ed43f1fca14301c6c22bffcd47c55ecc0c",0.0000000770265051,77026505091,0.0000000810805317,81080531674.73684211
"0xe6d8d8ac54461b1c5ed15740eee322043f696c08","0x3d24351bf31dcd2b2f25446c5cc5f0d5ab663154",0.006320504255449796,6320504255449796,0.00665316237415768,6653162374157680.0000
"0xe6d8d8ac54461b1c5ed15740eee322043f696c08","0x3fcd0e19036db58f8510ff531a518c29c46725eb",0.0000000309567684,30956768406,0.000000032586072,32586072006.31578947
"0xe6d8d8ac54461b1c5ed15740eee322043f696c08","0x3fcfd992c9a0167624909945d08aa412cfb40bb4",0.0001019615723332,101961572333153,0.000107327970877,107327970877003.1579
"0xe6d8d8ac54461b1c5ed15740eee322043f696c08","0x406b2a7ef0822ea6da65e776ab76abbff55f4afc",0.1161920853631172,116192085363117200,0.12230745827696547,122307458276965473.68
"0xe6d8d8ac54461b1c5ed15740eee322043f696c08","0x407ea7dcd92c6d8aef21f9a7849898ff1cba0c83",0.0000019235443647,1923544364722,0.0000020247835418,2024783541812.6316
"0xe6d8d8ac54461b1c5ed15740eee322043f696c08","0x415cc59f421f4af51dcf4577e158670a29d1defa",0.0000101777266059,10177726605918,0.0000107133964273,10713396427282.1053
"0xe6d8d8ac54461b1c5ed15740eee322043f696c08","0x416b194672ff62dd0cb6606621497ab745c2f420",0.0000136197155885,13619715588503,0.0000143365427247,14336542724740.0000
"0xe6d8d8ac54461b1c5ed15740eee322043f696c08","0x4270679ca77f2662ca78036b51f8bb1060714ee9",0.000004947384533,4947384532997,0.0000052077731926,5207773192628.4211
"0xe6d8d8ac54461b1c5ed15740eee322043f696c08","0x4299caecefa01fc58b229572d4a527b2285139bf",0.0000000028793202,2879320164,0.0000000030308633,3030863330.52631579
"0xe6d8d8ac54461b1c5ed15740eee322043f696c08","0x42b26d5f4915150011c171455b91628500f42122",0.0001246618922812,124661892281224,0.0001312230445066,131223044506551.5789
"0xe6d8d8ac54461b1c5ed15740eee322043f696c08","0x441b9e3a7b16ce812b8092f8e5f09556282ce085",0.0000000002994397,299439709,0.0000000003151997,315199693.68421053
"0xe6d8d8ac54461b1c5ed15740eee322043f696c08","0x45c66c3a63f472adee44923475f676dccd79d1a2",0.1050662442366396,105066244236639600,0.1105960465648838,110596046564883789.47
"0xe6d8d8ac54461b1c5ed15740eee322043f696c08","0x48f1e1b49d63e1967ddfee54e4c259e66dc773ff",0.0007587366495088,758736649508750,0.0007986701573776,798670157377631.5789
"0xe6d8d8ac54461b1c5ed15740eee322043f696c08","0x49ae533c9d5796a4bb5d26d8ad7d82f0666ca934",0.0000000168229718,16822971798,0.0000000177083914,17708391366.31578947
"0xe6d8d8ac54461b1c5ed15740eee322043f696c08","0x49bace66ee6e8b1bd46fde1697a60f61031f8219",0.0000000000557966,55796559,0.0000000000587332,58733220.000000000000
"0xe6d8d8ac54461b1c5ed15740eee322043f696c08","0x4a089168d145f12a20dd38dc2d34be6165d280f4",0.0001515144353925,151514435392497,0.0001594888793605,159488879360523.1579
"0xe6d8d8ac54461b1c5ed15740eee322043f696c08","0x4b01d85c2d83049abe7b156c98c143bebdc417ca",0.0000042055459967,4205545996657,0.0000044268905228,4426890522796.8421
"0xe6d8d8ac54461b1c5ed15740eee322043f696c08","0x4b19c02b8f6531a9e15abcd5f54a93e5dc8b57f4",0.000004244360267,4244360266985,0.0000044677476495,4467747649457.8947
"0xe6d8d8ac54461b1c5ed15740eee322043f696c08","0x4ba2bfacbef02c8138c346cee77229811a102af4",0.025897418214454727,25897418214454730,0.02726044022574182,27260440225741821.05
"0xe6d8d8ac54461b1c5ed15740eee322043f696c08","0x4d487009572490ff2c2cea300ef202b0783001d6",0.0000055548201955,5554820195520,0.0000058471791532,5847179153178.9474
"0xe6d8d8ac54461b1c5ed15740eee322043f696c08","0x4ece718fbe64f7a50929d0f05cf5bf8f67bec3d5",0.2851181530174719,285118153017471870,0.3001243715973388,300124371597338810.53
"0xe6d8d8ac54461b1c5ed15740eee322043f696c08","0x4f58ca3ad401e81bf3fff3036d0d8985d8387b1d",0.0000000000269609,26960915,0.0000000000283799,28379910.526315789474
"0xe6d8d8ac54461b1c5ed15740eee322043f696c08","0x50d2dec635c48f5e8cede341df87c651c6cd5318",0.000000564728591,564728591027,0.0000005944511484,594451148449.47368421
"0xe6d8d8ac54461b1c5ed15740eee322043f696c08","0x50d517d0feaf08e652b64de596419ab846d5d7ae",0.0000006326280337,632628033681,0.000000665924246,665924245980.00000000
"0xe6d8d8ac54461b1c5ed15740eee322043f696c08","0x50e2a2eaa64683263513837b58793d860e95e27d",0.005906957203239399,5906957203239399,0.00621784968762042,6217849687620420.0000
"0xe6d8d8ac54461b1c5ed15740eee322043f696c08","0x51092a250891637d036e4617a1e38a70309fedcb",0.0000498189151631,49818915163125,0.0000524409633296,52440963329605.2632
"0xe6d8d8ac54461b1c5ed15740eee322043f696c08","0x51933580977b2ed133bf992cfeedf9649fd95312",0.0000427744856706,42774485670614,0.0000450257743901,45025774390120.0000
"0xe6d8d8ac54461b1c5ed15740eee322043f696c08","0x52d15b4e1438ca79b264bc16c694658940968ae3",0.0000003718173914,371817391419,0.0000003913867278,391386727809.47368421
"0xe6d8d8ac54461b1c5ed15740eee322043f696c08","0x5445f848d5067fe5b9320a1defe55c746fdfecf4",0.0000002438798984,243879898359,0.0000002567156825,256715682483.15789474
"0xe6d8d8ac54461b1c5ed15740eee322043f696c08","0x54be5d96d10638fba590508b9d57fed8aff01143",0.0000036915577733,3691557773350,0.0000038858502877,3885850287736.8421
"0xe6d8d8ac54461b1c5ed15740eee322043f696c08","0x55edbba8ae79096b8bc212379e9ce1fa522ed297",0.0000000000829527,82952682,0.0000000000873186,87318612.631578947368
"0xe6d8d8ac54461b1c5ed15740eee322043f696c08","0x561c0e8f2b11714f992948ddceb8348c03e2972e",0.0000011050149363,1105014936334,0.0000011631736172,1163173617193.6842
"0xe6d8d8ac54461b1c5ed15740eee322043f696c08","0x56aa7636a12c60f64ad9dc484eeed8c22e7bc70c",0.0000569472616121,56947261612135,0.0000599444859075,59944485907510.5263
"0xe6d8d8ac54461b1c5ed15740eee322043f696c08","0x5780734f2553dcb83cc6c9c6a7efea52daeca70e",9.09873831902072,9098738319020720000,9.577619283179704,9577619283179705263.16
"0xe6d8d8ac54461b1c5ed15740eee322043f696c08","0x57917cf3c21ee92f66e33b4bfb1ddff4e15ab817",0.0000606972872392,60697287239217,0.0000638918813044,63891881304438.9474
"0xe6d8d8ac54461b1c5ed15740eee322043f696c08","0x579ce0015b9aa7567b3c126df759bb704b0a44e4",0.0002799914372483,279991437248254,0.0002947278286824,294727828682372.6316
"0xe6d8d8ac54461b1c5ed15740eee322043f696c08","0x58d8984447086ceba3cbe591fe71970be3402df2",0.0000005239713865,523971386486,0.0000005515488279,551548827880.00000000
"0xe6d8d8ac54461b1c5ed15740eee322043f696c08","0x591e99678aa3ba831624c558ba539e98a26a8582",0.0000267490551368,26749055136791,0.000028156900144,28156900143990.5263
"0xe6d8d8ac54461b1c5ed15740eee322043f696c08","0x592577c779ff1151a6f96e6ae6bd6d8acd053ab4",0.0001399686639937,139968663993686,0.0001473354357828,147335435782827.3684
"0xe6d8d8ac54461b1c5ed15740eee322043f696c08","0x5bb73e04b810527b14b87c37eff3d62481f2d416",0.004341585704599095,4341585704599095,0.004570090215367468,4570090215367468.4211
"0xe6d8d8ac54461b1c5ed15740eee322043f696c08","0x5d090aaa04b1950032a33df8abb6d3a611108a18",0.0000050476577139,5047657713902,0.0000053133239094,5313323909370.5263
"0xe6d8d8ac54461b1c5ed15740eee322043f696c08","0x5f00177afed6af20e7be7ae0dea08baff7681677",0.0001536192944911,153619294491087,0.0001617045205169,161704520516933.6842
"0xe6d8d8ac54461b1c5ed15740eee322043f696c08","0x5f4c87fcea563c10b0502f52e3c4c4fea3f7bb25",0.0000528298410528,52829841052813,0.000055610359003,55610359002961.0526
"0xe6d8d8ac54461b1c5ed15740eee322043f696c08","0x5f6581a214f76dc4059cd1dc1ad1d9c92499c033",0.001493480634183036,1493480634183036,0.0015720848780874062,1572084878087406.3158
"0xe6d8d8ac54461b1c5ed15740eee322043f696c08","0x5fcb6f50012d37e96d6b65b6e77a1afa4cd74ece",0.0007640401000325,764040100032549,0.0008042527368764,804252736876367.3684
"0xe6d8d8ac54461b1c5ed15740eee322043f696c08","0x6006ae9fb4bf6f268fb081dabb388ae74fcb9a1e",0.0008424284533112,842428453311241,0.0008867667929592,886766792959201.0526
"0xe6d8d8ac54461b1c5ed15740eee322043f696c08","0x60b1f90243f1b875c0b9d13ac809f2cd5b88ebcf",0.0000056057362106,5605736210617,0.0000059007749585,5900774958544.2105
"0xe6d8d8ac54461b1c5ed15740eee322043f696c08","0x60b24c2560f9dbe2e07f5264eb86523ac76ac485",0.0000000487668762,48766876250,0.0000000513335539,51333553947.36842105
"0xe6d8d8ac54461b1c5ed15740eee322043f696c08","0x6157c4b2123c22578c7d6b66a5c3400efcda0bfe",2.616334538676708,2616334538676708000,2.754036356501798,2754036356501797894.74
"0xe6d8d8ac54461b1c5ed15740eee322043f696c08","0x61a26483422feb3a1258065ce2686da359657203",0.001587382458965423,1587382458965423,0.0016709289041741296,1670928904174129.4737
"0xe6d8d8ac54461b1c5ed15740eee322043f696c08","0x61b01a33aea3e827b3941ab097778bd3fa48a332",0.0000053491301224,5349130122363,0.0000056306632867,5630663286697.8947
"0xe6d8d8ac54461b1c5ed15740eee322043f696c08","0x62eaece60d25793472039ff73bbbb2e089046034",0.001536241493243042,1536241493243042,0.0016170963086768863,1617096308676886.3158
"0xe6d8d8ac54461b1c5ed15740eee322043f696c08","0x63a227ab5821d4a967d50b6cd1bd651f64e71e22",0.0000074691048594,7469104859437,0.0000078622156415,7862215641512.6316
"0xe6d8d8ac54461b1c5ed15740eee322043f696c08","0x6610a02c32ec9767e3a71e989634ce222287a9f1",0.0000511149952988,51114995298810,0.0000538052582093,53805258209273.6842
"0xe6d8d8ac54461b1c5ed15740eee322043f696c08","0x669e0ba2fa601532ff3254363eba026475c4e747",0.00871929170045425,8719291700454250,0.009178201789951842,9178201789951842.1053
"0xe6d8d8ac54461b1c5ed15740eee322043f696c08","0x66b1b75cb2148a6bcd10ec968d7a1a14c262f0c6",0.27947939859450505,279479398594505040,0.29418884062579476,294188840625794778.95
"0xe6d8d8ac54461b1c5ed15740eee322043f696c08","0x66fad1c5781e61b1a3784a8875b1cbb46f2450ff",0.0000000001310077,131007663,0.0000000001379028,137902803.15789474
"0xe6d8d8ac54461b1c5ed15740eee322043f696c08","0x69856f2781f346688ff05d5e243ae830192ba112",0.0000001156802818,115680281758,0.0000001217687176,121768717640.00000000
"0xe6d8d8ac54461b1c5ed15740eee322043f696c08","0x6a4bfd1906a9180dd75f2f4cf6b91923742e3a6d",0.0000000515810416,51581041606,0.0000000542958333,54295833269.47368421
"0xe6d8d8ac54461b1c5ed15740eee322043f696c08","0x6ab1227d58da518f9b1a4c762e2d1c3f8ac733cd",0.0000011880186751,1188018675143,0.0000012505459738,1250545973834.7368
"0xe6d8d8ac54461b1c5ed15740eee322043f696c08","0x6b8871f5bebec0684cb4f9889fb388d77eda9e93",0.0000002450319103,245031910267,0.0000002579283266,257928326596.84210526
"0xe6d8d8ac54461b1c5ed15740eee322043f696c08","0x6b88cbab3f103d89db99655504a8ed6d2a214ca9",0.004574913721849512,4574913721849512,0.004815698654578434,4815698654578433.6842
"0xe6d8d8ac54461b1c5ed15740eee322043f696c08","0x6b8c2ebf69ae6c7ae583f219d464637bd1b6bfa3",0.0000000476815105,47681510458,0.0000000501910636,50191063640.00000000
"0xe6d8d8ac54461b1c5ed15740eee322043f696c08","0x6cc48c98697e2ceea06eef409bb404ea4dfcbc53",0.0000192434027,19243402699977,0.0000202562133684,20256213368396.8421
"0xe6d8d8ac54461b1c5ed15740eee322043f696c08","0x6d686eaf54d12cf5c3941331ba5468c9804b445d",0.0000010566086622,1056608662214,0.0000011122196444,1112219644435.7895
"0xe6d8d8ac54461b1c5ed15740eee322043f696c08","0x6d7ec5ed2fd11bef70aba154324d931c01072976",0.0000000011017973,1101797250,0.0000000011597866,1159786578.94736842
"0xe6d8d8ac54461b1c5ed15740eee322043f696c08","0x6dc2b1f59065c84003f0b99f23b2b6e9e7a74eed",0.0000000026983273,2698327250,0.0000000028403445,2840344473.68421053
"0xe6d8d8ac54461b1c5ed15740eee322043f696c08","0x7265c9927f38c1b54126238b25f002bdada16824",0.0000044316347521,4431634752106,0.0000046648786864,4664878686427.3684
"0xe6d8d8ac54461b1c5ed15740eee322043f696c08","0x73597cd91275d2a1b719bf6ee052c11b3960cab3",0.0000000301419899,30141989886,0.0000000317284104,31728410406.31578947
"0xe6d8d8ac54461b1c5ed15740eee322043f696c08","0x73f8c017f170dedb865981325007fe1d9e218b00",0.0000025110108327,2511010832740,0.0000026431692976,2643169297621.0526
"0xe6d8d8ac54461b1c5ed15740eee322043f696c08","0x7651b5fd3a0dda292e1cf5c1c8bac29da005b69b",0.0000000029947815,2994781533,0.0000000031524016,3152401613.68421053
"0xe6d8d8ac54461b1c5ed15740eee322043f696c08","0x785ac0e602002bfe0c0c06876336c47383eb0902",0.0000049893143126,4989314312604,0.0000052519098027,5251909802741.0526
"0xe6d8d8ac54461b1c5ed15740eee322043f696c08","0x789753984c24d82f9bfc954e0bcc6118f8d62911",0.0000001948441598,194844159782,0.0000002050991156,205099115560.00000000
"0xe6d8d8ac54461b1c5ed15740eee322043f696c08","0x78eab6728e654402a7749fb55c54fc91b82192cf",0.0000973240359502,97324035950165,0.0001024463536318,102446353631752.6316
"0xe6d8d8ac54461b1c5ed15740eee322043f696c08","0x790ca8722bdadd41e44103a11c46fc8787ed083a",0.0008216367672644,821636767264380,0.0008648808076467,864880807646715.7895
"0xe6d8d8ac54461b1c5ed15740eee322043f696c08","0x793a54a957d134be8daff1ba65bdcf6d0245fac3",0.0002398104871907,239810487190729,0.0002524320917797,252432091779714.7368
"0xe6d8d8ac54461b1c5ed15740eee322043f696c08","0x7a76f571bd900061220b6b39d44dec87f983d743",0.0000000012685082,1268508209,0.0000000013352718,1335271798.94736842
"0xe6d8d8ac54461b1c5ed15740eee322043f696c08","0x7b06a3c0526fbbb46f07531ec5c8ca9b63de908a",0.002618723475999081,2618723475999081,0.0027565510273674537,2756551027367453.6842
"0xe6d8d8ac54461b1c5ed15740eee322043f696c08","0x7b79c37bb80cc76fe6b758c7140228fecc7e2a2e",0.0000102419502813,10241950281258,0.0000107810002961,10781000296061.0526
"0xe6d8d8ac54461b1c5ed15740eee322043f696c08","0x7d8d03bcd5c59cb5b17221ad948500422683bd30",0.000000048239111,48239110990,0.0000000507780116,50778011568.42105263
"0xe6d8d8ac54461b1c5ed15740eee322043f696c08","0x7f4fce865512f6127837fe22f96c27bbd495b3c2",0.01755819197490109,17558191974901090,0.01848230734200115,18482307342001147.37
"0xe6d8d8ac54461b1c5ed15740eee322043f696c08","0x7f57d34447c3c5a9dbc000140f216d62d7fd663c",0.038527721515373634,38527721515373630,0.04055549633197224,40555496331972242.11
"0xe6d8d8ac54461b1c5ed15740eee322043f696c08","0x7f6a2495ce67b6327a587c038cf1943ca769233b",0.0000000113077126,11307712601,0.0000000119028554,11902855369.47368421
"0xe6d8d8ac54461b1c5ed15740eee322043f696c08","0x7fb5a1d968c2013411da8208a2b693e631cfb6cb",0.0000020532038316,2053203831582,0.0000021612671911,2161267191138.9474
"0xe6d8d8ac54461b1c5ed15740eee322043f696c08","0x805ebb94084e01da57c4bc70b6fe414af9148596",0.0000002625203005,262520300531,0.0000002763371585,276337158453.68421053
"0xe6d8d8ac54461b1c5ed15740eee322043f696c08","0x8191aa218ee0012cb15f41c296db35f20e83cde7",0.0006101624587602,610162458760200,0.0006422762723792,642276272379157.8947
"0xe6d8d8ac54461b1c5ed15740eee322043f696c08","0x821a4bbfdfaf89ba88da49e46c2f902add91cbd4",0.31586478428274667,315864784282746700,0.3324892466134176,332489246613417578.95
"0xe6d8d8ac54461b1c5ed15740eee322043f696c08","0x822953426d251358487d6114b4291172df0e8eb1",0.0000005676393116,567639311620,0.0000005975150649,597515064863.15789474
"0xe6d8d8ac54461b1c5ed15740eee322043f696c08","0x835726cd3218214996e66a280c8a50eb7c1d3212",0.0021412795593537,2141279559353700,0.0022539784835302105,2253978483530210.5263
"0xe6d8d8ac54461b1c5ed15740eee322043f696c08","0x83c7bf56a259b2c4e40a9d6d368c8557e191913a",0.0000027993868559,2799386855928,0.0000029467230062,2946723006240.0000
"0xe6d8d8ac54461b1c5ed15740eee322043f696c08","0x849d52316331967b6ff1198e5e32a0eb168d039d",1.059399210114278,1059399210114278000,1.1151570632781873,1115157063278187368.42
"0xe6d8d8ac54461b1c5ed15740eee322043f696c08","0x857bcfd450bfa78f07d11b2ec6156149c158c04e",0.01482556538409456,14825565384094560,0.015605858299046906,15605858299046905.26
"0xe6d8d8ac54461b1c5ed15740eee322043f696c08","0x878761636a1dd513463b04a66413c77e8b4eeded",0.0000000083518088,8351808766,0.0000000087913776,8791377648.42105263
"0xe6d8d8ac54461b1c5ed15740eee322043f696c08","0x87fd9634dcdb0418fd97074ec8cc047ecbe3700c",0.0000121341419982,12134141998223,0.0000127727810508,12772781050761.0526
"0xe6d8d8ac54461b1c5ed15740eee322043f696c08","0x88f73efe273c679ed3ec9ab46290f6701c48051c",0.0000097033321361,9703332136108,0.0000102140338275,10214033827482.1053
"0xe6d8d8ac54461b1c5ed15740eee322043f696c08","0x8915e6724ba238bc6a86bffb0c4dd21cce840ae2",0,1,0,1.0526315789473684
"0xe6d8d8ac54461b1c5ed15740eee322043f696c08","0x89630fd7eab5dfd81c11695a44df46fc96245db5",0.0000101705757262,10170575726198,0.0000107058691855,10705869185471.5789
"0xe6d8d8ac54461b1c5ed15740eee322043f696c08","0x899cdc82cc1a76e99a440ee87cf08bec567da019",0.003812877481145308,3812877481145308,0.004013555243310851,4013555243310850.5263
"0xe6d8d8ac54461b1c5ed15740eee322043f696c08","0x8a3abdbc1cf8a63b248b1bd75d340fd5a31b8d3b",0.0000268705676466,26870567646572,0.000028284808049,28284808049023.1579
"0xe6d8d8ac54461b1c5ed15740eee322043f696c08","0x8bd72f76c09ecb3736dce927bc3aac2249e22472",0.0000000287991218,28799121798,0.0000000303148651,30314865050.52631579
"0xe6d8d8ac54461b1c5ed15740eee322043f696c08","0x8bdeb34bf4dfbeb062d6baacb548f1578eb0a24a",0.0000014905192383,1490519238344,0.0000015689676193,1568967619309.4737
"0xe6d8d8ac54461b1c5ed15740eee322043f696c08","0x8c0191718ed9615769775b98d6b914d8320b4ba0",0.0009174672373203,917467237320331,0.000965754986653,965754986652980.0000
"0xe6d8d8ac54461b1c5ed15740eee322043f696c08","0x8d1c15bada81d11971672bb2e7866105018ba4fd",0.0000487177178248,48717717824795,0.0000512818082366,51281808236626.3158
"0xe6d8d8ac54461b1c5ed15740eee322043f696c08","0x8d7900f06b89866bfe14b83fd119a0dbc1b50251",0.000018196403856,18196403855962,0.0000191541093221,19154109322065.2632
"0xe6d8d8ac54461b1c5ed15740eee322043f696c08","0x8d832b604c1e3f18439856cb2ce21ef256e4e4c1",0.0000100857751597,10085775159719,0.0000106166054313,10616605431283.1579
"0xe6d8d8ac54461b1c5ed15740eee322043f696c08","0x8d99ebac957761ffce2cdd9c842100fa58e41b53",0.02263875792886408,22638757928864080,0.02383027150406745,23830271504067452.63
"0xe6d8d8ac54461b1c5ed15740eee322043f696c08","0x8e57bc446f76b2054089cc5c8fa6f0f5b72fc59a",0.7091186673263274,709118667326327400,0.7464407024487657,746440702448765684.21
"0xe6d8d8ac54461b1c5ed15740eee322043f696c08","0x8edb04c1af71825ee9ff565485176d9ef8574433",0.0000000004609889,460988864,0.0000000004852514,485251435.78947368
"0xe6d8d8ac54461b1c5ed15740eee322043f696c08","0x8f608a64a5b869ccc91cb80f59bac70860ff8bda",0.0002434594165598,243459416559773,0.0002562730700629,256273070062918.9474
"0xe6d8d8ac54461b1c5ed15740eee322043f696c08","0x8f8f7ce7472c5017b71af3e445ee2242130f9f8c",0.0000502466411123,50246641112323,0.0000528912011709,52891201170866.3158
"0xe6d8d8ac54461b1c5ed15740eee322043f696c08","0x8f9f6238f1c976158b5049e6321cc8d3555f0654",0.0000171396452488,17139645248840,0.0000180417318409,18041731840884.2105
"0xe6d8d8ac54461b1c5ed15740eee322043f696c08","0x90ce3d8b4593b946eba2531650d0cf9945de5a09",0.0000000490601009,49060100897,0.0000000516422115,51642211470.52631579
"0xe6d8d8ac54461b1c5ed15740eee322043f696c08","0x90fd74253e9a823618c5d5989c312a8e4332e478",0.0000000486918853,48691885330,0.0000000512546161,51254616136.84210526
"0xe6d8d8ac54461b1c5ed15740eee322043f696c08","0x9181f1e1fe943b8a4afe1396573763e42ba7798a",0.001735314055455017,1735314055455017,0.0018266463741631758,1826646374163175.7895
"0xe6d8d8ac54461b1c5ed15740eee322043f696c08","0x9258fbcddf8174c5b13264297fc8379d00d04115",0.001201259418869917,1201259418869917,0.001264483598810439,1264483598810438.9474
"0xe6d8d8ac54461b1c5ed15740eee322043f696c08","0x93a48dc526b6ee52c1ed1022f5019beb196a2149",0.0000019886222392,1988622239188,0.0000020932865676,2093286567566.3158
"0xe6d8d8ac54461b1c5ed15740eee322043f696c08","0x93ff03cfcdb8cb6a92b9283637f4d2833ec17cb1",0.05851827075854228,58518270758542280,0.061598179745833974,61598179745833978.95
"0xe6d8d8ac54461b1c5ed15740eee322043f696c08","0x946e148c4ddc783dd3c65b3136c331c77d94d3dd",0.0824881170664732,82488117066473200,0.08682959691207706,86829596912077052.63
"0xe6d8d8ac54461b1c5ed15740eee322043f696c08","0x960b81ae2bcbb11ae1577740643dc8b62fcdd692",0.0000036550206823,3655020682332,0.0000038473901919,3847390191928.4211
"0xe6d8d8ac54461b1c5ed15740eee322043f696c08","0x9663ca24ef69ee379b4a18981858f65cb804cc2d",0.025457343890758127,25457343890758130,0.026797204095534873,26797204095534873.68
"0xe6d8d8ac54461b1c5ed15740eee322043f696c08","0x966ab09b536a4867a7d7d099f6a217db17e2e10f",0.912189660695669,912189660695669000,0.9601996428375463,960199642837546315.79
"0xe6d8d8ac54461b1c5ed15740eee322043f696c08","0x9685b00aa0db8eccc1684c1155b826169ce48d3d",0.10880671323404209,108806713234042100,0.11453338235162326,114533382351623263.16
"0xe6d8d8ac54461b1c5ed15740eee322043f696c08","0x972bdee584d1ed90e5b716d552808ecd61f3f080",0.0000029465107508,2946510750827,0.000003101590264,3101590264028.4211
"0xe6d8d8ac54461b1c5ed15740eee322043f696c08","0x97afbdd6c130083a21bd5c53f0d9245fa07cc9d9",0.000489399647949,489399647949013,0.0005151575241569,515157524156855.7895
"0xe6d8d8ac54461b1c5ed15740eee322043f696c08","0x97e3f802a94e27433bdfd1dc522ee7f17e37d09c",0.0003011080337166,301108033716634,0.0003169558249649,316955824964877.8947
"0xe6d8d8ac54461b1c5ed15740eee322043f696c08","0x97f1c034b10d1f63fad3b57ba14ffbd20de93b91",0.006980806502300266,6980806502300266,0.007348217370842385,7348217370842385.2632
"0xe6d8d8ac54461b1c5ed15740eee322043f696c08","0x9836f04abc90807157460fd17cd47c3898a33b5c",0.0000000487455086,48745508564,0.0000000513110616,51311061646.31578947
"0xe6d8d8ac54461b1c5ed15740eee322043f696c08","0x998f1ce5921d9edc8d9038a4652286bc22584226",0.0000051867956463,5186795646326,0.0000054597848909,5459784890869.4737
"0xe6d8d8ac54461b1c5ed15740eee322043f696c08","0x9c668aa932bb60ba39d9b8c043f405e85c3269e0",0.0332564531550049,33256453155004900,0.035006792794742,35006792794742000.00
"0xe6d8d8ac54461b1c5ed15740eee322043f696c08","0x9c8614c636905acf2ff66aa3d8170680a5b9627f",0.0007733413612843,773341361284306,0.000814043538194,814043538194006.3158
"0xe6d8d8ac54461b1c5ed15740eee322043f696c08","0x9ea8249494ef18f354c22e6e0b2dceef90579696",0.0000019627785952,1962778595199,0.0000020660827318,2066082731788.4211
"0xe6d8d8ac54461b1c5ed15740eee322043f696c08","0x9f94db5c889e7304663b72b395c0a35506eaf4af",0.0000040760703717,4076070371697,0.0000042906003913,4290600391260.0000
"0xe6d8d8ac54461b1c5ed15740eee322043f696c08","0xa105ef0c1bb6d79a66ee423e3207d6c45b0e3b43",0.000000001089003,1089003045,0.000000001146319,1146318994.73684211
"0xe6d8d8ac54461b1c5ed15740eee322043f696c08","0xa1e20b98e6edc702d1057aa564cc42b35c545840",0.01795038226740817,17950382267408170,0.018895139228850704,18895139228850705.26
"0xe6d8d8ac54461b1c5ed15740eee322043f696c08","0xa3d00ab82f17975e97053e9729fb1f0ff6857dc8",0.0000393445289581,39344528958136,0.0000414152936401,41415293640143.1579
"0xe6d8d8ac54461b1c5ed15740eee322043f696c08","0xa3fbae7a9834862a5853d39d850abcbce5a1afda",0.0001280886532676,128088653267582,0.0001348301613343,134830161334296.8421
"0xe6d8d8ac54461b1c5ed15740eee322043f696c08","0xa4fa01af066b903cfc93edf980d3eb553ab399d6",0.001195644893423177,1195644893423177,0.0012585735720243968,1258573572024396.8421
"0xe6d8d8ac54461b1c5ed15740eee322043f696c08","0xa54fbd150518b6131e15b1514466d89d08bdd54c",1.72692517150746,1726925171507460000,1.8178159700078524,1817815970007852631.58
"0xe6d8d8ac54461b1c5ed15740eee322043f696c08","0xa6d9d30229512e894d1c978b9362a47e637e8bb4",1.145687527675689,1145687527675689000,1.2059868712375674,1205986871237567368.42
"0xe6d8d8ac54461b1c5ed15740eee322043f696c08","0xa7195251022efdd6e46fcf8b148760f566f21e39",0.0000509900130399,50990013039910,0.0000536736979367,53673697936747.3684
"0xe6d8d8ac54461b1c5ed15740eee322043f696c08","0xa7201eef5982db78bf01684a79fb79afa974a09d",0.001307677902621359,1307677902621359,0.0013765030553909042,1376503055390904.2105
"0xe6d8d8ac54461b1c5ed15740eee322043f696c08","0xa7a7fe9859432cea7026f1dab37007d08b1aad9b",0.0000190767572308,19076757230775,0.000020080797085,20080797085026.3158
"0xe6d8d8ac54461b1c5ed15740eee322043f696c08","0xa7c40fdca17877e729947b66c7f6be717a01d255",0.01297187309075584,12971873090755840,0.0136546032534272,13654603253427200.00
"0xe6d8d8ac54461b1c5ed15740eee322043f696c08","0xaac22da0baaf48ce621c0c8add5983c2078381bb",0.0000000522881811,52288181099,0.0000000550401906,55040190630.52631579
"0xe6d8d8ac54461b1c5ed15740eee322043f696c08","0xab97d025cf33f8fb61b921351e32f1cc4733a2df",0.0000000916346376,91634637589,0.0000000964575133,96457513251.57894737
"0xe6d8d8ac54461b1c5ed15740eee322043f696c08","0xabdfd2304d20cfa55d8d9e42594722594554976c",0.0000012177451565,1217745156517,0.0000012818370069,1281837006860.0000
"0xe6d8d8ac54461b1c5ed15740eee322043f696c08","0xad18b3eadb51bf512e3c4588dffc0825970c2e32",0.0000172970399406,17297039940567,0.0000182074104638,18207410463754.7368
"0xe6d8d8ac54461b1c5ed15740eee322043f696c08","0xaefd3fa8b5a8c5b42516960fbb01427c7a050888",0.000051336701907,51336701906968,0.0000540386335863,54038633586282.1053
"0xe6d8d8ac54461b1c5ed15740eee322043f696c08","0xb05705e0fe74688e31b6c67afd72a09610a961ec",0.0000053010049518,5301004951834,0.0000055800052125,5580005212456.8421
"0xe6d8d8ac54461b1c5ed15740eee322043f696c08","0xb15006f86a1f9a8e15dd69db4961a062ea5282a0",0.00308730310337895,3087303103378950,0.0032497927403988946,3249792740398894.7368
"0xe6d8d8ac54461b1c5ed15740eee322043f696c08","0xb1cf6ad054361fb0e5540848e117250c55ebee51",0.131124908641624,131124908641624000,0.13802621962276213,138026219622762105.26
"0xe6d8d8ac54461b1c5ed15740eee322043f696c08","0xb1fcd96aa87a6d34aad768f946bf8e3f830c1998",0.6528276657452551,652827665745255000,0.6871870165739526,687187016573952631.58
"0xe6d8d8ac54461b1c5ed15740eee322043f696c08","0xb2470818a4d4328ef980ed206c70a13adb67f691",0.09956295481636263,99562954816362620,0.10480311033301327,104803110333013284.21
"0xe6d8d8ac54461b1c5ed15740eee322043f696c08","0xb25632f9b3eff866175d81a7a62243a9e335aefe",0.0000010398146384,1039814638411,0.0000010945417246,1094541724643.1579
"0xe6d8d8ac54461b1c5ed15740eee322043f696c08","0xb566c9f7c1d9eaa258fd465cd39ae772fde18a3e",0.0000006320701512,632070151211,0.0000006653370013,665337001274.73684211
"0xe6d8d8ac54461b1c5ed15740eee322043f696c08","0xb7b42951bdcb85f851c34e51c7002a3de87066eb",0.0000005267589304,526758930439,0.0000005544830847,554483084672.63157895
"0xe6d8d8ac54461b1c5ed15740eee322043f696c08","0xb8a06d9b63ac338a708ef2cbd7b66cffe668bcf3",0.0000015966155097,1596615509702,0.0000016806479049,1680647904949.4737
"0xe6d8d8ac54461b1c5ed15740eee322043f696c08","0xb9879bb0a0ad509a49d5bd986fabecabf4cd55cf",0.040355683845230805,40355683845230810,0.04247966720550611,42479667205506115.79
"0xe6d8d8ac54461b1c5ed15740eee322043f696c08","0xb9f4d99371bda02012b6229c01cd8b846168040e",0.1059012333921992,105901233392199200,0.11147498251810442,111474982518104421.05
"0xe6d8d8ac54461b1c5ed15740eee322043f696c08","0xbb0fcfcf7f1b80e837cbe989931847ce466801a1",0.0000034190612467,3419061246675,0.0000035990118386,3599011838605.2632
"0xe6d8d8ac54461b1c5ed15740eee322043f696c08","0xbbcb05bcb9aaf2865a90ac3ae9c46d6907328135",0.000005112708303,5112708302974,0.0000053817982137,5381798213656.8421
"0xe6d8d8ac54461b1c5ed15740eee322043f696c08","0xbbf0a740eaa47020c67f7fe7032e687ee5c5eb7f",0.0000230143332835,23014333283537,0.0000242256139827,24225613982670.5263
"0xe6d8d8ac54461b1c5ed15740eee322043f696c08","0xbbf23caa5a9da52ac9f8992a09087a8b1715b3b2",0.0000000000001357,135670,0.0000000000001428,142810.526315789474
"0xe6d8d8ac54461b1c5ed15740eee322043f696c08","0xbbff781ec41e233b62ff3933558ca9b1780119fb",0.001073884185617916,1073884185617916,0.0011304044059135957,1130404405913595.7895
"0xe6d8d8ac54461b1c5ed15740eee322043f696c08","0xbc9dd0a3acd45357cec85a061faf257d8b4c3370",0.0002557047421937,255704742193656,0.0002691628865196,269162886519637.8947
"0xe6d8d8ac54461b1c5ed15740eee322043f696c08","0xbcfd46035ac3c889bf1628f29ff3957893c8c245",0.0002568870183015,256887018301491,0.0002704073876858,270407387685780.0000
"0xe6d8d8ac54461b1c5ed15740eee322043f696c08","0xbe0f70e22570cbc1669e23eb7097feeb225e099a",0.0000005203388006,520338800591,0.0000005477250533,547725053253.68421053
"0xe6d8d8ac54461b1c5ed15740eee322043f696c08","0xbfad02c3464ee209559ccb208aac8e875c518798",0.001808707149234309,1808707149234309,0.0019039022623519042,1903902262351904.2105
"0xe6d8d8ac54461b1c5ed15740eee322043f696c08","0xc15e66ea086c82553859a2c62db47e5270a137ec",0.03150212871497366,31502128714973660,0.033160135489445956,33160135489445957.89
"0xe6d8d8ac54461b1c5ed15740eee322043f696c08","0xc179bcfbcb65108500b51c18b06e85a5e735f59f",0.14072965159438008,140729651594380100,0.14813647536250538,148136475362505368.42
"0xe6d8d8ac54461b1c5ed15740eee322043f696c08","0xc22c8c60465242aac5e02a6916272e6648dd233f",0.001662246589548553,1662246589548553,0.0017497332521563716,1749733252156371.5789
"0xe6d8d8ac54461b1c5ed15740eee322043f696c08","0xc238d8f8064322934f82200b1790ec83a9dcf485",0.7336361430877084,733636143087708400,0.7722485716712719,772248571671272000.00
"0xe6d8d8ac54461b1c5ed15740eee322043f696c08","0xc407d9993b29f0ada4a98686f134c78567d0f562",0.002532144893290826,2532144893290826,0.002665415677148238,2665415677148237.8947
"0xe6d8d8ac54461b1c5ed15740eee322043f696c08","0xc47005681f53543e6ba9fee80c6c6cc5ad0900cb",0.0000005960534206,596053420566,0.0000006274246532,627424653227.36842105
"0xe6d8d8ac54461b1c5ed15740eee322043f696c08","0xc61731c7d895fe571d79e94229d283bcf6f5bfff",0.0000829971524383,82997152438307,0.0000873654236193,87365423619270.5263
"0xe6d8d8ac54461b1c5ed15740eee322043f696c08","0xc6500d0a6cf6454ec0aae73ab9215704da5125cc",0.0000142048734406,14204873440590,0.0000149524983585,14952498358515.7895
"0xe6d8d8ac54461b1c5ed15740eee322043f696c08","0xc782520056ce7fadc7e7a6c29d001f94567b2c85",0.019807043012551286,19807043012551290,0.020849518960580304,20849518960580305.26
"0xe6d8d8ac54461b1c5ed15740eee322043f696c08","0xc9539b3be5a5800ac58d5b18c8531fc129b794b8",0.007986979849274696,7986979849274696,0.008407347209762838,8407347209762837.8947
"0xe6d8d8ac54461b1c5ed15740eee322043f696c08","0xc9c4c1001d52ec8fe480bf9952c58b3f3839bf20",0.0000000015716216,1571621634,0.0000000016543386,1654338562.10526316
"0xe6d8d8ac54461b1c5ed15740eee322043f696c08","0xca5dcca9c75024e23c25a99a40425e936e090e4c",0.0000310077588813,31007758881293,0.0000326397461908,32639746190834.7368
"0xe6d8d8ac54461b1c5ed15740eee322043f696c08","0xca9b4a91232b455b676afa573b5b30fc8badb5ac",0.0000050312938768,5031293876814,0.0000052960988177,5296098817698.9474
"0xe6d8d8ac54461b1c5ed15740eee322043f696c08","0xcb7aa6711d86d6ca56dca3d858de9706afb9ff73",0.3638213484262965,363821348426296500,0.38296984044873317,382969840448733157.89
"0xe6d8d8ac54461b1c5ed15740eee322043f696c08","0xcba78f52334867b42b454e20018b945c9c7e2df1",0.0006446116592902,644611659290249,0.0006785385887266,678538588726577.8947
"0xe6d8d8ac54461b1c5ed15740eee322043f696c08","0xcc72a4b2e935000a90c4bf69f0e6d2d2842e7288",0.0000776839940349,77683994034896,0.0000817726252999,81772625299890.5263
"0xe6d8d8ac54461b1c5ed15740eee322043f696c08","0xcdab70db72d901d0613a9c2e63122592a4122381",0.0000088159892639,8815989263909,0.0000092799886989,9279988698851.5789
"0xe6d8d8ac54461b1c5ed15740eee322043f696c08","0xceb79934f00bd41a8749965b78824fb157bd2e9f",0.0009902701198103,990270119810331,0.0010423895998003484,1042389599800348.4211
"0xe6d8d8ac54461b1c5ed15740eee322043f696c08","0xcf2431efc8a295d4905bd52c884d03d62dbd5e90",0.0000020539187881,2053918788102,0.0000021620197769,2162019776949.4737
"0xe6d8d8ac54461b1c5ed15740eee322043f696c08","0xd12cffbd9f07db9e97261b2b8eaba5a711d1002e",0.0000154810721351,15481072135097,0.0000162958654054,16295865405365.2632
"0xe6d8d8ac54461b1c5ed15740eee322043f696c08","0xd1582e312e35e42379e17c24105bca717af30fea",0.0000020920689466,2092068946603,0.0000022021778385,2202177838529.4737
"0xe6d8d8ac54461b1c5ed15740eee322043f696c08","0xd1fdd1244ceaa631d8219b67dab4addb325257c2",0.0003057378233558,305737823355793,0.0003218292877429,321829287742940.0000
"0xe6d8d8ac54461b1c5ed15740eee322043f696c08","0xd2f060d400f7e32c6594733773ac1277f5b5b3c0",0.0000018991604695,1899160469502,0.0000019991162837,1999116283686.3158
"0xe6d8d8ac54461b1c5ed15740eee322043f696c08","0xd4bb555d3b0d7ff17c606161b44e372689c14f4b",0.0000001414230108,141423010751,0.0000001488663271,148866327106.31578947
"0xe6d8d8ac54461b1c5ed15740eee322043f696c08","0xd4be2522f89a30a4da67d7d40543ebef089ed6fa",0.0000253245398769,25324539876861,0.0000266574103967,26657410396695.7895
"0xe6d8d8ac54461b1c5ed15740eee322043f696c08","0xd6416af64a10553c35a5ef21d280dd17a913a550",0.0000408441833866,40844183386558,0.000042993877249,42993877249008.4211
"0xe6d8d8ac54461b1c5ed15740eee322043f696c08","0xd646af897c9687e53c9cd7805d9c7640cfdfc146",0.001576838319374596,1576838319374596,0.0016598298098679958,1659829809867995.7895
"0xe6d8d8ac54461b1c5ed15740eee322043f696c08","0xd6fe06ef8bc082e18f0223922573c0a827514490",0.003053140564928937,3053140564928937,0.0032138321736094075,3213832173609407.3684
"0xe6d8d8ac54461b1c5ed15740eee322043f696c08","0xd7e94fb641e4aeeb453683ebadcc98a416641869",0.0000004041790686,404179068573,0.0000004254516511,425451651129.47368421
"0xe6d8d8ac54461b1c5ed15740eee322043f696c08","0xd89966840b11ac11ce1c47bdc53e9ec3346ab1da",0.000001035070028,1035070028048,0.0000010895473979,1089547397945.2632
"0xe6d8d8ac54461b1c5ed15740eee322043f696c08","0xd8c263caa93ea4d478bd9998637027cbf019bba0",0.0000305258154166,30525815416568,0.0000321324372806,32132437280597.8947
"0xe6d8d8ac54461b1c5ed15740eee322043f696c08","0xd951b6847a19077ca0384073c862abc6dc5355dd",0.00445105870166498,4451058701664980,0.004685324949121032,4685324949121031.5789
"0xe6d8d8ac54461b1c5ed15740eee322043f696c08","0xd9f8cf6b203685f448494568438db10477fdd726",0.001760830294721022,1760830294721022,0.0018535055733905495,1853505573390549.4737
"0xe6d8d8ac54461b1c5ed15740eee322043f696c08","0xdac2dea5c886dd2fd4798dfe70ade4673147f15d",0.0000006656678769,665667876888,0.0000007007030283,700703028303.15789474
"0xe6d8d8ac54461b1c5ed15740eee322043f696c08","0xdad6a4128eb8846718f23f8aa8c11dbab6d083d2",0.001994900771555744,1994900771555744,0.0020998955490060464,2099895549006046.3158
"0xe6d8d8ac54461b1c5ed15740eee322043f696c08","0xdc141192a36f028859f5db432408ef59f59bf36b",1.406311782380852,1406311782380852000,1.480328191979844,1480328191979844210.53
"0xe6d8d8ac54461b1c5ed15740eee322043f696c08","0xe005ae1eba8eea05bc0057ea6ccf5d69e89e9a72",0.0000471665464806,47166546480644,0.0000496489962954,49648996295414.7368
"0xe6d8d8ac54461b1c5ed15740eee322043f696c08","0xe05da47b1606f0b13f54562b43fdfb994316bee3",1.046193073435547,1046193073435547000,1.10125586677426,1101255866774260000.00
"0xe6d8d8ac54461b1c5ed15740eee322043f696c08","0xe2f501be1cc30ebb1b70948abbc15ed4241a3089",0.0000000005230615,523061521,0.0000000005505911,550591074.73684211
"0xe6d8d8ac54461b1c5ed15740eee322043f696c08","0xe31a3e7c014b180e0eaa4bc083cd8ab6a5a9623e",0.0000000052211279,5221127883,0.0000000054959241,5495924087.36842105
"0xe6d8d8ac54461b1c5ed15740eee322043f696c08","0xe356d986aa560e714cd1b7dae001c830c7d95e8c",0.000004997155378,4997155377982,0.0000052601635558,5260163555770.5263
"0xe6d8d8ac54461b1c5ed15740eee322043f696c08","0xe370a2a51834be47ddc7ccb935f203c7c3cbab16",0.0000015939983619,1593998361857,0.0000016778930125,1677893012481.0526
"0xe6d8d8ac54461b1c5ed15740eee322043f696c08","0xe373733544a50a5ea8a4aa0209d30d1eab13fd2b",0.000007921548451,7921548450960,0.0000083384720536,8338472053642.1053
"0xe6d8d8ac54461b1c5ed15740eee322043f696c08","0xe3ebd5b1f3b293711d6660b2b8174a5abd98b4f7",0.00853560074730418,8535600747304180,0.008984842891899138,8984842891899136.8421
"0xe6d8d8ac54461b1c5ed15740eee322043f696c08","0xe442f446bb6bd9e4aa13faba1a2e370943753505",0.00000000120941,1209409996,0.0000000012730632,1273063153.68421053
"0xe6d8d8ac54461b1c5ed15740eee322043f696c08","0xe46827825ad452680e933913b9edbb0c9fb57a09",0.0000213822179655,21382217965508,0.0000225075978584,22507597858429.4737
"0xe6d8d8ac54461b1c5ed15740eee322043f696c08","0xe55a8cff86abf88bfd89c81c287f14848bcf8542",0.0000005279960755,527996075478,0.0000005557853426,555785342608.42105263
"0xe6d8d8ac54461b1c5ed15740eee322043f696c08","0xe621091c9f0e8857539309bc45cfccb7c76ba607",0.886432287917327,886432287917327000,0.9330866188603442,933086618860344210.53
"0xe6d8d8ac54461b1c5ed15740eee322043f696c08","0xe6d8d8ac54461b1c5ed15740eee322043f696c08",0.0000000000005374,537412,0.0000000000005657,565696.842105263158
"0xe6d8d8ac54461b1c5ed15740eee322043f696c08","0xe7e7ba7e55de588d487535fb4fcd3a1d66496dae",0.0000130224074884,13022407488365,0.0000137077973562,13707797356173.6842
"0xe6d8d8ac54461b1c5ed15740eee322043f696c08","0xe848fa1831f2836a14cd98a0f0ead1a80e718c0c",0.0000000018322946,1832294650,0.0000000019287312,1928731210.52631579
"0xe6d8d8ac54461b1c5ed15740eee322043f696c08","0xea101c0b6134ea168056ce159fda40e9519846e2",0.0000000350373364,35037336431,0.0000000368814068,36881406769.47368421
"0xe6d8d8ac54461b1c5ed15740eee322043f696c08","0xec01cb780202595ce2fb11225aabfad201b54e0f",0.0000005163422218,516342221755,0.0000005435181282,543518128163.15789474
"0xe6d8d8ac54461b1c5ed15740eee322043f696c08","0xeedd7160f2b517095a2c67e85996ac5c52e576dd",0.0000047678206141,4767820614122,0.0000050187585412,5018758541181.0526
"0xe6d8d8ac54461b1c5ed15740eee322043f696c08","0xeee52c22a1323be3bf446f9671924c06ffbb819d",0.003157563275433794,3157563275433794,0.003323750816246099,3323750816246098.9474
"0xe6d8d8ac54461b1c5ed15740eee322043f696c08","0xef03192405d6411d25874fbe28fed24d95b2e86f",0.0000124269976544,12426997654415,0.0000130810501625,13081050162542.1053
"0xe6d8d8ac54461b1c5ed15740eee322043f696c08","0xefa991c978f7129593b851ba9e29aa6794f217f2",0.00261718283457176,2617182834571760,0.002754929299549221,2754929299549221.0526
"0xe6d8d8ac54461b1c5ed15740eee322043f696c08","0xf02557eaa32595078ded3d1e80ab936a505f4c94",0.0000006214808097,621480809728,0.000000654190326,654190326029.47368421
"0xe6d8d8ac54461b1c5ed15740eee322043f696c08","0xf2ff8e4b9f8869ba4fc84594a57f01d969f0163e",0.0007892344945222,789234494522225,0.0008307731521287,830773152128657.8947
"0xe6d8d8ac54461b1c5ed15740eee322043f696c08","0xf36700ff798394c4a58fe861a4661f5489d90735",0.0005551197859257,555119785925666,0.0005843366167639,584336616763858.9474
"0xe6d8d8ac54461b1c5ed15740eee322043f696c08","0xf41ab132b8791131f3b00afef7f1e69543167b3b",0.0000060885443214,6088544321376,0.0000064089940225,6408994022501.0526
"0xe6d8d8ac54461b1c5ed15740eee322043f696c08","0xf442e8b29cca18555d45cb25275cfbe508d5be36",0.0000038536924115,3853692411462,0.0000040565183279,4056518327854.7368
"0xe6d8d8ac54461b1c5ed15740eee322043f696c08","0xf62e8c0db52306987b5757fd96589f8d5fd54f09",0.01028387841376292,10283878413762920,0.010825135172382021,10825135172382021.05
"0xe6d8d8ac54461b1c5ed15740eee322043f696c08","0xf766b4bb82f611dcc2ce85e861f5496f64911e69",0.03122779764835122,31227797648351220,0.03287136594563286,32871365945632863.16
"0xe6d8d8ac54461b1c5ed15740eee322043f696c08","0xf89550d59f147fbeb0b1e86a299beef5c6a95e83",0.0000565907025596,56590702559595,0.000059569160589,59569160589047.3684
"0xe6d8d8ac54461b1c5ed15740eee322043f696c08","0xf9ab5a0587d9ad42cbba769225e1492abd2b12fd",0.0000000003428442,342844182,0.0000000003608886,360888612.63157895
"0xe6d8d8ac54461b1c5ed15740eee322043f696c08","0xfa3bd519d745982bde7ca228116d4d0e2ddc796e",0.0217266199951833,21726619995183300,0.022870126310719264,22870126310719263.16
"0xe6d8d8ac54461b1c5ed15740eee322043f696c08","0xfa8a69e301a20b2a2b9d5d034ec16cb08f8e2fac",0.0000260489663002,26048966300202,0.0000274199645265,27419964526528.4211
"0xe6d8d8ac54461b1c5ed15740eee322043f696c08","0xfaaf76003f9ee6084ef897ef67f5388c77e87ee6",0.0000064804126233,6480412623335,0.0000068214869719,6821486971931.5789
"0xe6d8d8ac54461b1c5ed15740eee322043f696c08","0xfb4379095aab8e575fc266bb4d6e96595b34e8d4",0.0002224461922545,222446192254468,0.0002341538865837,234153886583650.5263
"0xe6d8d8ac54461b1c5ed15740eee322043f696c08","0xfbd782b4762519018840619471ed74c3baba59e6",0.0000255486010282,25548601028182,0.0000268932642402,26893264240191.5789
"0xe6d8d8ac54461b1c5ed15740eee322043f696c08","0xfc79bada66c4cbbe3f8d265988c66e482bc358dc",0.0003284079702028,328407970202845,0.0003456926002135,345692600213521.0526
"0xe6d8d8ac54461b1c5ed15740eee322043f696c08","0xfcf15e9ba0753dbe147efcc324e54313de69bc0d",0.0000015021856085,1502185608527,0.000001581248009,1581248008975.7895
"0xe6d8d8ac54461b1c5ed15740eee322043f696c08","0xfe5da9f038d27b8854c5448309f434ab343f8189",0.00953204279066503,9532042790665030,0.01003372925333161,10033729253331610.53
"0xe6d8d8ac54461b1c5ed15740eee322043f696c08","0xfe8c0edb6bd36c21df1643a78cefea31deb84b2a",0.559785901079461,559785901079461000,0.5892483169257485,589248316925748421.05
"0xe6d8d8ac54461b1c5ed15740eee322043f696c08","0xfeb02a003d4b35b4819ffa8b0f0242dd0da33c96",0.002204730208869735,2204730208869735,0.0023207686409155103,2320768640915510.5263
"0xe6d8d8ac54461b1c5ed15740eee322043f696c08","0xfef3aaee20e1f79ff66faf813f7b102a3988e261",0.0000015556617104,1555661710390,0.0000016375386425,1637538642515.7895
